{
  "name": "NHANES",
  "variables": {
    "age_group": {
      "states": ["Adult", "Senior"],
      "parents": [],
      "cpt": [0.839912, 0.160088]
    },
    "RIAGENDR": {
      "states": ["1.0", "2.0"],
      "parents": [],
      "cpt": [0.488596, 0.511404]
    },
    "BMXBMI": {
      "states": ["Underweight (<18.5)", "Normal(18.5-25)", "Overweight(25-30)", "Obese(>30)"],
      "parents": ["age_group", "RIAGENDR"],
      "cpt": [
        [
          [0.039446, 0.341151, 0.339019],
          [0.041667, 0.369919, 0.227642]
        ],
        [
          [0.010929, 0.284153, 0.448087],
          [0.031746, 0.301587, 0.37037]
        ]
      ]
    },
    "DIQ010": {
      "states": ["1.0", "2.0", "3.0"],
      "parents": ["age_group", "BMXBMI"],
      "cpt": [
        [
          [0.012658, 0.974684],
          [0.00146, 0.986861],
          [0.016575, 0.965009],
          [0.009693, 0.949919]
        ],
        [
          [0.111111, 0.666667],
          [0.018182, 0.936364],
          [0.026144, 0.921569],
          [0.048077, 0.884615]
        ]
      ]
    }
  },
  "solution": [
    [0, 0, 1, 1],
    [0, 0, 1, 0],
    [0, 0, 0, 1],
    [0, 0, 0, 0]
  ],
  "toporder": [
    "age_group",
    "RIAGENDR",
    "BMXBMI",
    "DIQ010"
  ]
}
