{
  "name": "movie_link",
  "variables": {
    "movie_id":{
      "states":["movie_rare", "movie_medium", "movie_frequent", "movie_very_frequent"],
      "parents": [],
      "cpt": [ 0.10527719438610528, 0.06473980731406474, 0.0968096809680968]
    },
    "linked_movie_id":{
      "states": [ "movie_rare", "movie_medium", "movie_frequent", "movie_very_frequent"],
      "parents": ["movie_id"],
      "cpt": [
  [
    0.6378621378621379,
    0.2706043956043956,
    0.08329170829170829
  ],
  [
    0.6080137706799273,
    0.31462178445060723,
    0.07239169934015492
  ],
  [
    0.7351283656856606,
    0.20338134001252348,
    0.059486537257357544

  ],
  [
    0.93713163064833,
    0.0550098231827112,
    0.007577883805781645
  ] ]
    },

    "link_type_id":{
      "states": ["1","2","3","4","5","6","7","8","9","10","11","12","13","14","15","16","17"],
      "parents": ["movie_id"],
      "cpt": [
  [
    0.033042394014962596,
    0.028802992518703243,
    0.02256857855361596,
    0.014713216957605985,
    0.43678304239401494,
    0.07194513715710724,
    0.03740648379052369,
    0.007605985037406484,
    0.11571072319201996,
    0.09800498753117207,
    0.01945137157107232,
    0.009600997506234414,
    0.06346633416458852,
    0.017830423940149626,
    0.021820448877805487,
    0.0012468827930174563
  ],
  [
    0.05530614194287898,
    0.06103734836183017,
    0.0017193619256853567,
    0.0034387238513707134,
    0.3653644092081383,
    0.07737128665584106,
    0.029229152736651064,
    0.009552010698251982,
    0.23154073932562805,
    0.04451236985385423,
    0.003056643423440634,
    0.006017766739898749,
    0.09953195147578565,
    0.0038208042793007927,
    0.0054446460980036296,
    0.003056643423440634
  ],
  [
    0.03888958359384769,
    0.033887707890458925,
    0.0011254220332624733,
    0.00512692259597349,
    0.1466800050018757,
    0.21833187445291985,
    0.002751031636863824,
    0.03151181693134925,
    0.21332999874953107,
    0.07152682255845942,
    0.0012504689258471928,
    0.007502813555083156,
    0.21408028010503938,
    0.0022508440665249467,
    0.006127297736651245,
    0.005627110166312367
  ],
  [
    0.001958041958041958,
    0.005594405594405594,
    0.0008391608391608392,
    0.0022377622377622378,
    0.026853146853146853,
    0.664055944055944,
    0.0002797202797202797,
    0.10405594405594405,
    0.036923076923076927,
    0.11272727272727273,
    0.002797202797202797,
    0.014265734265734267,
    0.02293706293706294,
    0.003916083916083916,
    0.0002797202797202797,
    0.0002797202797202797
    ]]
      }
  },
  "solution": [ [0,1,1],
                [0,0,0],
                [0,0,0] ],
  "toporder": [
    "movie_id",
    "linked_movie_id",
    "link_type_id"
  ]
}