{
  "name": "NHANES",
  "variables": {
    "age_group":{
      "states": ["Adult","Senior"],
      "parents": [],
      "cpt": [0.063162]
    },
    "LBXIN": {
  "states": ["BMI_0_30", "BMI_30_40", "BMI_40_50", "BMI_50_plus"],
  "parents": ["age_group"],
  "cpt": [
  [
    0.945141065830721,
    0.030303030303030304,
    0.012016718913270637
  ],
  [
    0.967032967032967,
    0.019230769230769232,
    0.01098901098901099

  ]
]
},
     "BMXBMI":{
      "states": ["BMI_0_30", "BMI_30_40", "BMI_40_50", "BMI_50_plus"],
       "parents": ["LBXIN"],
      "cpt": [
    [0.7159, 0.2342, 0.0384],
    [0.1846, 0.5077, 0.2462],
    [0.0741, 0.5185, 0.3333],
    [0.0,    0.4,    0.4  ]
  ]
    },
        "DIQ010":{
      "states": ["2.0","1.0","3.0"],
      "parents": ["LBXIN"],
      "cpt":[
    [0.00924, 0.96765],
    [0.02941, 0.88235],
    [0.03333, 0.93333],
    [0.07143, 0.75]
  ]
    }

},
  "solution": [ [0,1,0,0],
                [0,0,1,1],
                [0,0,0,0],
                [0,0,0,0]
  ],
  "toporder": [
    "age_group",
    "LBXIN",
    "BMXBMI",
    "DIQ010"
  ]
}